Q05,Q10,Q25,Q50,Q75,Q90,Q95,y_true,start_date
0.0050483247858153155,0.005147114417054685,0.007396322633317839,0.014068037663373816,0.017681340054228886,0.0268929245606089,0.048400489877702485,0.02,2016-04-21
0.0073463468771649285,0.012184332601329529,0.017570889813988,0.036396220583813504,0.03823304714721281,0.056589881540055544,0.07067604112311104,0.02,2017-12-04
0.02642541722382326,0.041298454451617186,0.07426427667339529,0.10608667965086627,0.17218905215587788,0.17728625536883996,0.1703581396436602,0.059,2009-01-26
0.009767249520954141,0.008658364098406706,0.015864946030534902,0.029513937167446585,0.06381384409308535,0.05445678223490841,0.0800566977428993,0.062,2015-09-01
0.012845426179867545,0.021633615442655227,0.037175275326836406,0.05679221327101488,0.06229410078759562,0.0799765038676015,0.0934942262055848,0.0298,2008-10-20
0.005210341885138903,0.006444188278285825,0.008255102288838558,0.01031282783755293,0.019028233333471534,0.0437782669256465,0.08079707602794739,0.002,2008-09-29
0.02545987923156522,0.02738621720204231,0.03295459633424072,0.030695695237970434,0.040945277763866646,0.11933763425768817,0.18016998482233718,0.08643,2007-04-23
0.031452801730328626,0.08236513644434998,0.10003208044767566,0.10371887697238442,0.13771629502598168,0.20669843614451328,0.27175201780910896,0.561,2012-08-01
0.01703705362488705,0.023433682083761388,0.041488725013010014,0.059608795474682875,0.0873497718766756,0.11712855002827542,0.10616585277225465,0.063,2016-10-20
0.0048664350368566285,0.005907115818608919,0.015054187478061006,0.029618385446602336,0.06753340138536745,0.2046631208854831,0.21237974399510087,0.0251,2007-03-19
0.005664152356978782,0.006933985429614234,0.009803912088879926,0.00587990211773399,0.014589331086419818,0.03310764539988808,0.05769640282075761,0.02,2012-04-11
0.0025543071930598034,0.003531015510704113,0.002797680041869096,0.002383462846061046,0.012463992680633692,0.029412509525691567,0.04207382478270462,0.01,2020-01-04
0.027309769223210822,0.03687193800693434,0.04416779558806883,0.05001283155340824,0.07210590330818642,0.09773370524122256,0.11819952615042083,0.094,2010-05-11
0.031008020441444458,0.05182788638156133,0.08421956281585427,0.11096994834997512,0.14821973031861685,0.17571637840094587,0.15184695961896064,0.104,2010-12-01
0.0188681893263347,0.027289017683045907,0.048976860263002256,0.06201891659724435,0.08647263074114463,0.09847827131929457,0.10468908104669099,0.037,2016-09-01
0.0039613952731071865,0.006702976645780076,0.003695157226666087,0.020400773380239202,0.014088915978265282,0.05170996634533044,0.1136837909744066,0.0,2009-04-12
0.00021958125273920313,5.2130240122911e-06,0.0021316904079569997,0.009614515726585778,0.009683284243270668,0.015974218195358762,0.024119117798885842,0.0,2016-05-11
0.009831914998763257,0.017164284109461733,0.031469352879663376,0.04861300920221132,0.07231383128716802,0.08914770765652096,0.0695435676266319,0.0666666666666666,2017-06-21
0.00017615347465646639,0.0010523322580629475,0.0,0.008522139236903203,0.016298282408872614,0.08396074559571132,0.07525132763816958,0.0,2007-07-23
0.014239571824787018,0.01614065273359728,0.02747480268066096,0.05099562552150128,0.07443150826847322,0.11026285040201463,0.10291078915886653,0.051,2015-02-20
0.0027402665309273983,0.004002793742130463,0.00020478418692499155,0.006241393972017638,0.0012851308114385429,0.020809261753329828,0.057096866407840306,0.001,2016-03-01
0.011809898903382512,0.013894477807945886,0.021078716444066677,0.026944287783769838,0.032028755332711996,0.03448044384162413,0.04396947329338118,0.072,2015-07-02
0.014283816002402555,0.015555065941712888,0.02267233089288138,0.04850444088260606,0.07958468023832643,0.15826017148526522,0.15249825779748793,0.061,2013-06-21
0.006796740391411744,0.022155070884755945,0.01655612231904777,0.030590191147265054,0.031677837744028756,0.07213006852303362,0.11738851078901737,0.031,2009-08-03
0.03607795726169638,0.05860103824123719,0.09729511092044078,0.09203195517725575,0.08807375543878727,0.2436792101532546,0.2301688356150092,0.226,2014-03-11
0.03656565448001916,0.07957187663286554,0.25123259114750396,0.23227906582476895,0.25551183482589107,0.32328567003783415,0.46573845598291197,0.118,2014-03-03
0.02004978286209034,0.042337176704571336,0.05648187194390361,0.12025356376645485,0.16594240409551744,0.1736993147578416,0.29795218690083064,0.018,2010-10-01
0.00039614537553161875,0.0036046503291390385,0.007683825996325333,0.011380579703493167,0.01084117275911539,0.06106986595841775,0.041130481088327835,0.0,2017-03-24
0.009087216733558775,0.02151223981178347,0.015924697637305665,0.0726018023835144,0.06626272812053606,0.11789283007603615,0.1781370997141537,0.026,2018-07-03
0.0,0.0,0.0,0.007111767818376222,0.009943499607192279,0.02465501344483287,0.03741200757719133,0.0,2019-11-21
0.008219484255845512,0.009998069611524302,0.012717108690497652,0.024948327717943267,0.041911875291657553,0.055788877581706926,0.08021853731228733,0.218,2014-04-21
0.012301906186307613,0.012178153297835984,0.017662387683050028,0.02288512457192538,0.032879207141115314,0.07944012142268826,0.1309700981127457,0.018,2009-12-01
0.02394283160088747,0.06801996325976693,0.07589355655267466,0.12729895352968723,0.19449647885082103,0.20964357104508197,0.2280228102816798,0.157,2008-07-08
0.0007614402001300411,0.001822587721030689,0.0061810742256492,0.015359146801258232,0.0371499823212438,0.03751341783488123,0.05365839285307004,0.042,2010-04-12
0.006233124891292843,0.00724353896620097,0.008018154794137677,0.007063344270164939,0.013237877871719012,0.017749483009140643,0.04479019974907563,0.01,2020-01-13
0.021760624945223538,0.02708118025844625,0.03874817924936386,0.059722611696473936,0.10744451330137739,0.14212527460315869,0.1488586387709193,0.097,2015-09-10
0.02277235240877057,0.024962872693796916,0.03259481109062338,0.06392922238595361,0.061627137693364996,0.13793233788826284,0.18188818707976917,0.007,2008-08-18
0.011417378393262838,0.017388252293589677,0.02954351999932374,0.04762203592878977,0.059028560723256435,0.0730361796924813,0.07230553771971351,0.049,2008-09-08
0.0,0.0008830653398030929,0.001818112617798233,0.008934455115578709,0.021914806731495103,0.06592563393265062,0.08318741811801779,0.009,2010-10-01
0.012840048634819403,0.011544886528533197,0.016346440993338606,0.036943672395997156,0.02572687142241963,0.06722463765332617,0.1202857882588148,0.007,2009-06-15
0.014751814562331277,0.01712905800936228,0.033742081383175276,0.04471928122709402,0.09545897160252166,0.09648557884625343,0.15466441246820334,0.04,2014-01-21
0.014403643682255772,0.018010707357498438,0.02670149817655759,0.050849820070621506,0.07673767619720849,0.09129018808153351,0.1099448141757609,0.01,2016-09-01
0.034615996389255804,0.03933731647432382,0.07039965908071781,0.1543892918120731,0.1812997897418794,0.3039543259411866,0.28580697120064913,0.389,2012-03-20
0.0051747443611307445,0.007589596952267331,0.009047466016367316,0.012275965880872337,0.015170221167513749,0.026289173251140885,0.04855007400552893,0.014,2013-09-23
0.004863063907673184,0.006067098104532879,0.007481268227870418,0.011487645741896528,0.017551129502408256,0.027697614153396784,0.03458434907598271,0.009,2011-07-11
0.02156836358287544,0.042563193321568306,0.06246707102856524,0.08063642163216941,0.117524972438014,0.12031785452841642,0.1674269545168479,0.079,2015-10-01
0.0354417746608225,0.09360107058110276,0.13030946863654363,0.153964636942887,0.16411564213328986,0.16073384375600652,0.22856563749049427,0.17,2011-09-20
0.027591137343568634,0.06701889937825155,0.10193391533574242,0.174019969897349,0.15971313995045835,0.2946296300196069,0.3605269247051733,0.0567,2006-12-11
0.00776901583214663,0.008511683943698823,0.014909785739424893,0.027824417003834263,0.024651099610456723,0.03336918649537098,0.05100759892923087,0.029,2010-01-05
0.0056282338105523065,0.007031002122655763,0.008957559002411509,0.00912871609018529,0.01425823289523615,0.028341207857680864,0.041588975570385156,0.008,2019-05-21
0.007295287758058828,0.009960429998996788,0.016960067122762986,0.028006785394827056,0.035966357309245835,0.04691632619891144,0.0446212202818656,0.015,2015-08-20
0.0071030335068878675,0.0062080033538996215,0.009879900865884528,0.01104080336506753,0.022584669355003497,0.03293006045304802,0.042734983628437834,0.011,2019-05-02
0.022390636044060278,0.03622284637886138,0.05466125098340266,0.0626762938312482,0.07831156790574556,0.1218664249706668,0.11100338319764658,0.096,2014-03-03
0.009252556167533154,0.03173822031126081,0.03566190988818585,0.051198750914743824,0.08302685729789903,0.09774559543942991,0.11672787285546937,0.038,2008-07-28
0.0037819823518388767,0.005564752734019003,0.00858347647229698,0.015398666652119534,0.019445212077069823,0.02568282963737468,0.04099992406214289,0.009,2018-10-22
0.01244912002839655,0.01992366240507529,0.032290289569378024,0.06010036410142839,0.07723366875030042,0.10774270058024554,0.13836599274230602,0.082,2015-10-22
0.004342399966423116,0.0066022039941789346,0.00805267162634429,0.015517356607843496,0.02407635459550902,0.04284748396451034,0.043712831124314185,0.038,2013-04-01
0.010149304249952014,0.011802573562788873,0.01451343886304114,0.023924055823021227,0.050725502945058426,0.0451247156711815,0.07200291615628218,0.01,2012-09-21
0.003978353755205556,0.005144635359680469,0.009531901496877535,0.011444686898284432,0.01728342172197037,0.0321822121142654,0.04314372609893199,0.0097,2008-10-28
0.01780368065452686,0.019198111360299003,0.028629869830219347,0.04353214682279644,0.07109378612769152,0.08568758954431871,0.1070804339776215,0.033,2009-02-06
0.007139345275965999,0.008561990865731872,0.011195459024224664,0.018137129607206433,0.028205772038931372,0.04403862141755611,0.06103530885469105,0.007,2016-02-01
0.011001626188731656,0.014149710511183518,0.02433769621235629,0.04142739598773082,0.04611917365615839,0.0652072385173255,0.0742656583897922,0.053,2017-08-21
0.025879963057714783,0.02895216056603336,0.029240796043886855,0.03518406567983111,0.07874526200376689,0.17834238579666456,0.2426546424646197,0.066,2012-12-11
0.031282798690586276,0.05097556085075705,0.07399941710198037,0.10401762031401328,0.1274377435421341,0.18698636223543105,0.2363622928369319,0.094,2013-10-11
0.005971994670154881,0.016708700939473572,0.03166186462379422,0.035371860516285096,0.0738159039242725,0.0786388633466404,0.11368923691873693,0.046,2009-08-21
0.004003149517728689,0.00318509855040616,0.006414756760024602,0.008485233353617713,0.008602625593420064,0.016719888475112018,0.03537263429721973,0.01,2019-01-22
0.015139178940834322,0.04374332249188648,0.0723127453857659,0.0772583968430523,0.11003090230511678,0.1278220059047981,0.25125417153369595,0.0091,2006-02-27
0.009137312093535905,0.01135046474461736,0.01928471490397399,0.02840867057491548,0.0642715360285673,0.09448467649294107,0.08062281691472277,0.085,2018-04-11
0.0,0.0012031799527023118,0.007110430012876613,0.02779649777352204,0.016200768553623724,0.026133765236424064,0.03398032558715925,0.008,2019-12-03
0.001394274198515327,0.004172017761463747,0.0070671447042766535,0.012147555039015049,0.02510525538735089,0.03117624050788798,0.06176880320565289,0.0333333333333333,2017-03-01
0.019244481861545776,0.03727375828677198,0.06654020364678641,0.09372232018937131,0.10113268670500374,0.12925983251158593,0.1125381150589049,0.09,2016-10-10
0.05128481447928578,0.1537855063357025,0.441631082389822,0.790650979018537,1.0679342473817601,1.3673937595231558,1.3784717506353616,1.0834,2007-10-01
0.012530816748121539,0.017308347741842013,0.02673078955131006,0.05053663752148067,0.059133658770997556,0.08357374359543225,0.08155903722760462,0.045,2014-08-21
0.006986037313667973,0.00828212291541774,0.009249361189985046,0.021081966648720418,0.02824487147009643,0.04761103375640917,0.06720679968538486,0.088,2016-02-11
0.008855082692750206,0.012518892661789318,0.012673405633778476,0.022416974525612678,0.05718591959727699,0.08309601425875766,0.12257241178057182,0.024,2012-10-01
0.0061250130655565145,0.008605579415111392,0.02362897109082108,0.0308903689861636,0.03287398091012817,0.039620054092540234,0.08383733279951122,0.0333333333333333,2017-05-11
0.0031388459478967077,0.008213585230882708,0.019480777665852825,0.03514305819740732,0.04039386696995752,0.03679464077954493,0.045854847015574976,0.013,2010-11-11
0.00972507976109264,0.012843140188141195,0.02015565284766976,0.027443023433013008,0.03464932210846749,0.04791845671610111,0.055967689728168304,0.036,2017-09-12
0.0011497019393192911,0.0029492867350804962,0.010088883667041531,0.01494056673315118,0.014768272843274186,0.031134783676010986,0.045120084406970455,0.015,2015-08-10
0.025066939274644883,0.04966032577356656,0.07157589461534737,0.07273078091918331,0.0788902575723789,0.19797927126110046,0.26837547134982176,0.084,2014-04-30
0.024293651493788274,0.031247630980558567,0.05519535987761047,0.09508141647803099,0.09809104969694184,0.13854669778149664,0.18083346658886632,0.019,2010-08-02
0.005664041189724195,0.00801147742682738,0.010588345139895202,0.01914872456668582,0.03778524052738723,0.06047145748742857,0.06876080183951455,0.02,2019-03-01
0.008709637614468047,0.00861310021647509,0.010671737672223493,0.010570789912925715,0.016556432960630453,0.023239176866878465,0.05067156145086591,0.002,2016-06-30
0.006940802951892944,0.007875403296549057,0.0016016406828853592,0.005246720470512206,0.017583376817951996,0.012672472655284301,0.028932491613756543,0.038,2018-07-11
0.005222013457492115,0.004855346763783674,0.009061603732032861,0.012181854970291804,0.01578054386632033,0.02126154501874308,0.04482053673944081,0.01,2018-10-24
4.207923415799264e-05,0.00033057151847959415,0.0038505273059989504,0.0026260611127901976,0.0,0.010537261556290378,0.021644667723889264,0.01,2018-09-03
0.009962422012324196,0.014256410085892656,0.025602103539340833,0.03332344054129744,0.05450690724690225,0.05700767986266228,0.07673655261255671,0.026,2016-11-21
0.004743231426687212,0.0052225844418445164,0.007512930803949112,0.013209107747869854,0.01799519379174707,0.039979616563882346,0.054611032395795366,0.01,2015-03-25
0.013441937694419766,0.01523129370910132,0.017969995003127414,0.03221297703928042,0.04352392135372297,0.08137925325155487,0.1305194361304195,0.03,2008-05-26
0.0034075796067463506,0.00304038306590451,0.0016356398435120154,0.005193860599024883,0.004979675567963152,0.010454056172650406,0.03545258380089452,0.006,2010-09-22
0.016456380999050495,0.030602159642434228,0.05168957014506587,0.07167914321184651,0.13168253561507573,0.163268167593477,0.1954908354423336,0.121,2015-12-02
0.03128602936931387,0.10474297788854153,0.14369132808770185,0.2893423576132032,0.35591476792967974,0.2741790192527777,0.4866957319853732,0.237,2012-10-01
0.004751427495479892,0.00598424136794833,0.008021256519251271,0.012366640453464835,0.015714835437142975,0.0348510200532968,0.033703246843909025,0.008,2020-03-24
0.027845768477740514,0.07020068856134598,0.06894186515703525,0.17431931162698555,0.17462300249774962,0.21002595742837885,0.22970236851581738,0.163,2008-08-04
0.0052417094170978335,0.006139227848047236,0.008778406832223478,0.010220223872314551,0.017742689868618985,0.028498235552544163,0.04975495907575099,0.2,2016-09-21
0.02540406995521857,0.05939533049536569,0.07841806823722398,0.09811228060775061,0.177052524120656,0.3524924489299096,0.24840254632255668,0.0347,2007-07-16
0.0019686183142463734,0.0035435044814395617,0.013436078487855897,0.02183522883834932,0.04330567786015083,0.058348536959802765,0.06242160214944174,0.021,2013-04-01
0.009589261104522006,0.011094044915864857,0.013855422007593621,0.020465633408557452,0.019570806031186758,0.06380351248915658,0.07255760505082515,0.011,2013-05-13
0.005643111519905106,0.008858606432204999,0.011493233471961423,0.01590218136748477,0.023630993980310946,0.03935351301966344,0.05586281244388253,0.01,2019-03-25
0.006854512023764088,0.009825486804628632,0.019712345548849465,0.03180149890732974,0.048036322596893465,0.05578250606235411,0.05863265797310341,0.011,2013-08-05
0.03076446941397082,0.09090668997558611,0.07968353483277117,0.14855834380582186,0.14402282963895197,0.21706721416406413,0.24507935391837643,0.3044,2007-01-15
0.007517154334005029,0.009252883169408426,0.016212856452955827,0.03943988820088803,0.038421693669177984,0.05183165236119613,0.06596338640791218,0.038,2013-01-01
0.0078051088364263724,0.012482201334337799,0.014744737685833733,0.02230872422027459,0.03324660171179253,0.07116077396107678,0.10071749852810914,0.156,2014-07-02
0.02479812850723003,0.025479098593912036,0.05870323728149814,0.0777927290237852,0.11693096028994952,0.136266796017252,0.18200081479505004,0.081,2009-03-11
0.01669830071162879,0.01889203665659807,0.027283882044167033,0.04203022072116406,0.0820083250369021,0.10747438077515384,0.10640266310004308,0.034,2015-12-10
0.010127559785326104,0.016990055220339615,0.01809146741732705,0.01832642306938396,0.03842335079224409,0.050690740360397425,0.1255930577924369,0.011,2010-10-21
0.019510830918667135,0.03860261727667669,0.04577083473758575,0.05898291007142358,0.0708743490566573,0.10715173504842351,0.15263687227011316,0.046,2010-09-21
0.005779840930096847,0.006871242601545616,0.010194984933881334,0.011160659451892329,0.013202930277007119,0.029278143072385254,0.039541151274730915,0.042,2020-05-11
0.00962949753398031,0.014811684227203931,0.02745971695479144,0.04049479578812066,0.06203138913071196,0.0750270383744935,0.0899937860341678,0.008,2008-12-22
0.01019915514888702,0.011454791856793064,0.01395052812218438,0.03067898150056793,0.050444314368921,0.049460457790006386,0.06696634578554204,0.011,2012-10-11
0.004692384616113252,0.007864667605243833,0.01203118212053778,0.015823664388436184,0.017000565411770918,0.020115387758203394,0.027372757691455415,0.007,2011-08-11
0.005244785702169476,0.00875651747837827,0.01135095359693332,0.013382856195995042,0.027284088759481046,0.04344926491554947,0.06456784982735243,0.1,2011-10-11
0.005145241240354898,0.010991539868590984,0.018183122824678537,0.03868729993311275,0.05978728087218007,0.04960400476871476,0.058433027552653484,0.033,2012-11-12
0.004431438826873605,0.004055588226176837,0.007741862322661451,0.013174900617303234,0.009669858204944475,0.02342499380266028,0.04517602127225602,0.011,2018-03-24
0.005140074549241237,0.005110088439311759,0.008498944763567481,0.008694984182288902,0.013426035364749343,0.01499687947413867,0.027171772000935297,0.013,2020-02-03
0.0,0.002430856969535774,0.0015354468722018344,0.003621986541966878,0.0008227066380799998,0.04418109339194337,0.039787007566180435,0.0,2017-03-13
0.018839750297599166,0.026560231155143242,0.047141479234778676,0.07578148958496751,0.07733994214589898,0.0877375749256237,0.10979676198877394,0.028,2015-10-10
0.01569572479419455,0.018182911070423958,0.0300912191851591,0.048563970524047664,0.07933847773900879,0.09262856545563385,0.0996368697125502,0.102,2015-12-02
0.006433281646011303,0.00616760032123844,0.0026069057106345244,0.008924579031447255,0.031401644975286025,0.06768013527973142,0.08283868144544258,0.007,2010-02-01
0.0015198517301220347,0.0019836484411395673,0.005870131897283181,0.008987824066450862,0.011349261360273184,0.028554105444765433,0.03635642742551265,0.001,2016-03-24
0.014015075803459988,0.017143996738332463,0.031915107004120216,0.052726958393869545,0.08275894295541705,0.08216690008524778,0.08945940864852016,0.016,2012-12-01
0.01882474474958501,0.02656872452602745,0.04445291677321281,0.06687422028413587,0.07505386725143594,0.08786962840340824,0.10198347336213377,0.053,2017-08-21
0.007095279114284758,0.011838803122488724,0.01727037346974472,0.0280707744630275,0.03662052860633867,0.04302956722563779,0.04797112963455356,0.018,2018-05-21
0.0069385381833053685,0.010415284071193014,0.01704595884283647,0.027018797395253563,0.050803189018524056,0.05333861777192309,0.06313847156599074,0.012,2014-06-23
0.008285668380577677,0.011234517878708711,0.016024753607664585,0.03145017833190804,0.03935359934532719,0.0569301412707215,0.055310930187186524,0.018,2013-03-21
0.008395463725735481,0.007947451315558766,0.022442416134216363,0.03962161252996022,0.04671708004475855,0.09840882282482086,0.08249303592013883,0.0666666666666666,2017-06-01
0.014666555092496592,0.028658420751796008,0.021586903061813136,0.08104474638951221,0.10950970884519758,0.22284010180090205,0.3302174396803012,0.089,2010-11-01
0.0052241604765216046,0.0077985844943543325,0.012997667580773253,0.021858951996815,0.031796742789709516,0.03141335973460703,0.042509233198203926,0.013,2018-01-11
0.03549828109493377,0.0833728538547722,0.11474166818298329,0.1554133082897215,0.22315561675108292,0.2277422125995525,0.2395604627729953,0.075,2011-06-21
0.007613660634914464,0.010357375908610762,0.01578604906508954,0.02296731910684209,0.026674184943393225,0.032813422714098484,0.03832671561304816,0.023,2013-04-11
0.007683279483669188,0.013871239815038974,0.02743464918388422,0.04987789671508705,0.07981878435580739,0.07588750447368364,0.07947428423574386,0.044,2016-11-01
0.005222715023655796,0.007855344512212798,0.00928357550575585,0.02039225539417244,0.03075562872310642,0.035839854085136444,0.03927674764921251,0.014,2020-03-02
0.006504411993068977,0.00969043027989429,0.010685348115600396,0.030417126215574495,0.047310767682482074,0.05104856721975311,0.08475182148623954,0.039,2009-01-19
0.012301222713635183,0.013886947932008504,0.0189018589135968,0.03865764720820476,0.05004644670309367,0.05747535423812184,0.07965825474110479,0.037,2012-06-11
0.021839083713557642,0.028457865077597885,0.0523062199082967,0.07366990787328162,0.09616003343344143,0.10929343930593215,0.12009559414288509,0.122,2015-11-02
0.002488673335634854,0.0026114680922268555,0.007215340515411549,0.008589457144011553,0.01389634749615053,0.019906756261817236,0.03390915937802742,0.005,2016-07-11
0.0064761453907992515,0.007301146308276198,0.0214103423216773,0.034857510169314924,0.04594272064314357,0.09669289603556142,0.11615746589031202,0.0666666666666666,2017-06-01
0.021627346201536852,0.05100629276748706,0.055368161028046474,0.0759402201462941,0.10436680903605848,0.14224915389251278,0.21799086814224553,0.093,2016-10-01
0.028324811396577602,0.021409242089836307,0.03349251689269353,0.050928787284290775,0.0994306457792099,0.10111598931009577,0.11541627723107907,0.055,2010-03-22
0.013156470424199929,0.013956321738645947,0.01921453636646348,0.030562261040751864,0.06945195346785359,0.08022548322144482,0.09870389594480466,0.093,2016-08-11
0.024167604363438885,0.06297222814031689,0.05699254231471676,0.1384346304629738,0.13764856031393213,0.16287046587745477,0.19219510055360287,0.195,2008-07-21
0.010575068146974143,0.013691413114686616,0.01693602976226673,0.021954464254457753,0.031067286487386953,0.04393009186577518,0.060947563113219506,0.01,2018-03-12
0.01713232001050062,0.01855585590142019,0.035192563836792264,0.04975728550753376,0.0729468952780589,0.10167189425101167,0.10416592545976687,0.073,2019-10-21
0.04449369630411911,0.09648454716248182,0.13027182509363966,0.20198072395572553,0.22157050617319815,0.234286381162264,0.2637012777245424,0.173,2011-02-21
0.005220288065609781,0.0063660893181463315,0.010272275710184419,0.011354624212823145,0.015377302402653819,0.014339934252498233,0.02593600945997632,0.018,2018-11-04
0.019103596392221724,0.03783168162810128,0.05004474095046426,0.081160097516401,0.08468810612233987,0.0892691698576306,0.1425099591045396,0.0553,2007-10-29
0.008392617651573018,0.008853975052499454,0.011736777738364717,0.015877421959425268,0.009947770338932606,0.028933674544043365,0.05572391706534889,0.01,2018-03-23
0.01310488170679903,0.016210297195814568,0.020801101625293517,0.02773785084476914,0.04299257614552926,0.056359284844967335,0.08075783762314705,0.075,2015-03-20
0.0024684219067908604,0.0066957340995715655,0.015307217999428566,0.02406249534107495,0.027631943974602134,0.038420648206647715,0.05009687756224826,0.062,2007-12-10
0.05433124717083878,0.15674434626688843,0.2681476995209009,0.40223734139100187,0.6109664649135411,0.695642635698215,0.5931180447716267,0.417,2012-09-20
0.011443888857456598,0.01617870300077235,0.023257953064130827,0.03078274184376526,0.05648389252078623,0.0768552304851379,0.07495530966621926,0.051,2015-05-20
0.044692996637216174,0.17477065420770263,0.27978796287837754,0.42039256428538535,0.4565582737941176,0.4171293553893322,0.4475525074583384,0.401,2013-06-21
0.0046822659191912515,0.005464233360861186,0.010227281014829193,0.01084579255774118,0.016589492255201975,0.02130234760005165,0.02428673567935821,0.015,2015-05-21
0.004586697890249936,0.004454124190861586,0.004869046146831801,0.0041056504698968425,0.005638129745971713,0.00850220543589443,0.01715879264037232,0.013,2020-05-04
0.008826004078182794,0.011938320124550462,0.01622736114238237,0.018476633216592413,0.02362902265778915,0.03919256830929557,0.06358667429397356,0.029,2016-01-11
0.005320045621373013,0.005679959754828707,0.00942784519279505,0.009178239564337257,0.009667607347485771,0.012196466656174307,0.030257839209392335,0.01,2018-09-20
0.008315308849348982,0.009440700182230607,0.011116571340418714,0.018021197641627427,0.033196632308438986,0.05148464299621887,0.08167911352182815,0.02113,2007-04-30
0.0,0.0,0.003582077431981094,0.016280746647492773,0.02473249057126876,0.04439020646173557,0.039153779167746136,0.0137,2007-04-01
0.008125749470815818,0.01349930002538577,0.02903710600648679,0.04059026704538953,0.06668012133130086,0.08416434978764153,0.0852400313038596,0.066,2018-12-13
0.00574605854502608,0.007768277399124241,0.01138597381641018,0.017106722977795162,0.028761586791636526,0.04245063158760885,0.04631003313914126,0.011,2019-03-01
0.015550132783345735,0.018887559097806355,0.024250140244889813,0.03262900781129706,0.07443380492294159,0.09055961807780592,0.1030508529417979,0.043,2008-08-25
0.007626578890142628,0.007775645355868801,0.007666306591928075,0.009518124044963128,0.010030907606631636,0.03859939812969055,0.06130557259177099,0.005,2019-01-12
0.016060054850921338,0.0185275026514037,0.024638257670324827,0.05900499784956488,0.07342836864575618,0.11457283038989603,0.1774948592673869,0.034,2009-12-21
0.013827170256807903,0.011915153707728702,0.010037700693328535,0.02119272971162683,0.025970538256022132,0.06046814516714159,0.08407695814707646,0.026,2009-01-05
0.01013440931593622,0.02219195741084704,0.04659987368110388,0.05477824015308184,0.08603241917036634,0.07163244584316918,0.12722105922791618,0.046,2010-08-29
0.02481479995251833,0.06758333884658572,0.08096775311174798,0.09496760102300202,0.09147001726227416,0.15748087233867078,0.22787836788497995,0.054,2013-02-21
0.005288866616312688,0.008765907813610519,0.009894859480507504,0.022848057925514885,0.03992906401895971,0.05594687603274315,0.06780456633520007,0.125,2009-03-02
0.004750079697853166,0.009422089462723509,0.009749121641476791,0.016110307339924714,0.027469281444150548,0.06509903568380256,0.08189002763707964,0.015,2015-10-12
0.006416988994431913,0.008487737104718026,0.010487583914896846,0.013661483174326229,0.03404443800954296,0.08038373570607803,0.09657202264894403,0.01,2016-09-13
0.011279297944112004,0.015773012497188554,0.02306025834097429,0.03727313710782996,0.06429758172641996,0.057849142196938416,0.07523863856645546,0.031,2010-06-11
0.010622061251913017,0.014224522351984095,0.022476487757920105,0.03798584372254349,0.055736121899937235,0.0734397006893958,0.08239497058954914,0.037,2013-10-21
0.04854041327560875,0.17878710348583635,0.22450514390360085,0.45406534788800806,0.68685103055357,0.6808426336045743,0.6295217575431635,0.9199,2006-01-30
5.708645741162752e-05,0.0003945003528555107,0.00844751323810722,0.012896951741062533,0.017677175086386148,0.031240389361473903,0.023115390580008804,0.012,2018-09-03
0.006847521324875112,0.012637486643940522,0.018950879401983808,0.029332008949756065,0.03495673112223039,0.03465078336537266,0.04089291065370356,0.032,2018-11-21
0.000549805457554959,0.0014403609264300103,0.0,0.0016272466503566298,0.002272491573177779,0.025630961400556675,0.04130755457091433,0.0056,2006-03-20
0.0005330616885956614,0.0004647957605364931,0.0012534412615754663,0.011712229356115189,0.0209435059020602,0.04568301418761989,0.06436698821879448,0.036,2008-02-18
0.009478193457330449,0.016371724666183717,0.031021844289168196,0.048514601599365735,0.07099579547254385,0.09063001319039021,0.06590591332616552,0.0666666666666666,2017-06-12
0.016407034811883086,0.018906772988862414,0.03515288624503107,0.048854829808286836,0.07523688730503052,0.06481440501579194,0.07990965998912732,0.075,2015-07-10
0.05025584651355634,0.10824915381000132,0.16332148371478664,0.2020242248282326,0.2540003287925933,0.2513163676376348,0.27051919506369365,0.241,2011-04-11
0.006165261728541658,0.006555524027035631,0.01010715638539932,0.012997573848293054,0.021382767210429324,0.038547506854206645,0.052229459756202044,0.016,2018-01-23
0.0,0.004799975446951906,0.011239491110339209,0.0225204363885281,0.03327296261766125,0.04780469282199271,0.08953515650989033,0.0,2009-08-11
0.005837797563381478,0.00780486352560544,0.011191071085411506,0.01559701820238108,0.017977816953703762,0.03207899649295956,0.04475666754015017,0.03,2020-02-10
0.007026219641224884,0.004363728081517269,0.005046819846772384,0.0024005110213670008,0.003612389129368714,0.006121670144613447,0.02668456142053835,0.0047,2006-04-10
0.013093035101149246,0.014201391561229099,0.02368310464157061,0.040816308689634165,0.032802606041649335,0.048435058905725324,0.0604590835458341,0.022,2015-01-03
0.005558871611365505,0.006875104760550376,0.00943408580987346,0.011277482850366588,0.01254199326251763,0.01845351176328224,0.030124610550256233,0.014,2019-02-21
0.006776984645467406,0.008678507982850067,0.012588558018524761,0.02593108608983797,0.024261600279698488,0.04462176758320803,0.05520540818167381,0.033,2020-05-21
0.022820506875412067,0.02461466853372551,0.04102241995685362,0.07679523376012597,0.11048216183903926,0.11054129890696199,0.12439901999279322,0.106,2016-11-01
0.027404063170509335,0.07868976982283221,0.07198432775287174,0.12257936333393175,0.12382302350971296,0.19692121379975477,0.2700590962880808,0.2378,2007-01-08
0.021370455133507604,0.021705721604315564,0.04179856773563825,0.07710329998495742,0.07523598656226696,0.1084290689050568,0.11052269731098217,0.037,2009-03-24
0.0004948971282119301,0.0010570878246911133,0.0007769996876201995,0.005570123706885928,0.007102261191491276,0.016663921671346633,0.018341749527799756,0.001,2006-05-29
0.006382893898411893,0.007265261348902992,0.015524082337418121,0.03494895594335619,0.0239731916973379,0.05924604866010874,0.07167703538113267,0.0333333333333333,2017-01-23
0.012045717173893947,0.009172603464880587,0.02065210664002854,0.019504792065456383,0.03878979614333812,0.0477484677521069,0.06011920988101127,0.006,2009-05-04
0.035282825270691286,0.13836484011692549,0.19342235294138116,0.27682409105253164,0.2989055042364479,0.2982502495740886,0.3185946738173243,0.14,2011-10-10
0.016899571893968814,0.023316960223681144,0.021539114127291613,0.01854502372889216,0.04812295398759806,0.06939617732200522,0.13116458518056995,0.069,2010-08-11
0.004383825431124443,0.006493065447358367,0.008416085503334817,0.012006536976077524,0.01776711215216684,0.02063606652308192,0.04282518845692513,0.008,2018-10-11
0.0065900713621338996,0.006175833734188284,0.007467014768841335,0.009361161947932656,0.00680033389478007,0.0327951974092359,0.037643183996489894,0.011,2010-03-25
0.005100161405436356,0.010686992101963022,0.017598453615314164,0.028429939599078267,0.036489871232771656,0.036075926629121735,0.0378912240444182,0.041,2015-11-02
0.003977465631368702,0.005513373685053955,0.00866836487070594,0.015026027449192016,0.013332570904336424,0.022084861246132577,0.03559620289876651,0.002,2016-07-21
0.012361742230678105,0.01977613512315864,0.03443582016031386,0.05022759959620013,0.06848492732778777,0.1332595846844894,0.1392370983295561,0.1158,2007-03-05
0.0074239228879598865,0.010183032652236168,0.01444072121245555,0.0277113522100151,0.04383517966015514,0.07014666143412226,0.09824692155008581,0.115,2008-03-03
0.007520105097046877,0.012306942700508004,0.01712360400834547,0.023360321419801777,0.031024506978354086,0.03308429793616726,0.03242555537607123,0.025,2020-06-10
0.0318936202382766,0.07651574748630406,0.09014981065821862,0.10521186671298402,0.1926492856963595,0.159123341554512,0.24393528433876638,0.124,2011-09-11
0.042199636395484096,0.13350603257508767,0.2352681902132119,0.3683344532979485,0.2955189253279806,0.2849285742658836,0.3273006044574691,0.177,2012-08-10
0.006408027830022933,0.007242587944616254,0.009764536600688031,0.01110838164034821,0.01786637062050078,0.04902491407049001,0.06875787971639942,0.01,2019-01-10
0.006435413839012393,0.01029983722326085,0.013523469923458696,0.0284844269554107,0.044689182961120365,0.057851929877438604,0.06488189827964229,0.015,2012-05-21
0.002055103121355468,0.004717655023084456,0.01632168751526659,0.01984091962850464,0.023372546907233567,0.034343331303563415,0.04520656562917515,0.01,2019-01-04
0.007040906621253121,0.009291481296430353,0.012527192378061873,0.01926390303525492,0.032782824203980515,0.036826671124727955,0.07015962920354239,0.025,2009-02-23
0.00950435674480644,0.013297443903772261,0.021163973690957977,0.030911318483719252,0.03316376910352328,0.05548624847250709,0.06691899397168743,0.02,2018-08-01
0.00515982308477742,0.009328601004857133,0.012373743911888781,0.0314801483784331,0.029288785275548793,0.040310145067259245,0.048940205564903944,0.074,2018-04-11
0.05027811443883393,0.1267144472312233,0.14031969423903032,0.22772911708219928,0.32900646593502425,0.3577193856280568,0.4485475245396992,0.213,2009-12-11
0.011270169122686448,0.016174908336739333,0.02454239815931052,0.05604065714568558,0.09781227227837046,0.16436845529987287,0.17675701282953035,0.088,2008-01-28
0.012534330056810233,0.01251129742792165,0.02571544573121039,0.029459569347923886,0.04179358058192727,0.11235534399064742,0.11868009716523316,0.0333333333333333,2017-01-20
0.004781231524281957,0.007230137049735686,0.011152543731865947,0.012931317593661259,0.017185080659423622,0.020885269788913863,0.02981037058007502,0.035,2012-08-13
0.010332227318448142,0.011038304851173611,0.014932592761986276,0.019907391374190873,0.031683302331739806,0.0752986421172035,0.0689167845829217,0.017,2012-10-22
0.028116897710349992,0.04585712088953114,0.07478543452605492,0.08110778199749717,0.10382749039673272,0.13232249903764634,0.12104706284477022,0.097,2015-02-10
0.044679894662582924,0.1740644483912851,0.2805980854635628,0.41765274165911476,0.45837197353362014,0.3782811236030226,0.44188105038325237,0.398,2012-06-20
0.019329396900866814,0.021049580809114607,0.02980167353108897,0.058010539472378754,0.07468706771942175,0.07740711691113127,0.10272007822963053,0.071,2015-09-21
0.0025116166707625925,0.0027105045634651928,0.003953295187744471,0.0070032396229942956,0.012193778854703297,0.01753076510714037,0.030587990442672137,0.023,2015-02-02
0.01297203566385649,0.019082400201958397,0.010917827910229185,0.022290438481106643,0.011010004832737761,0.04144851407770179,0.1013766887611629,0.04,2009-05-12
0.005410613478346172,0.010359478883807557,0.01657244702801605,0.019783797719825053,0.03583848577300079,0.05820340522511578,0.07651849625394838,0.013,2017-10-02
0.013147646289366575,0.018047534861759956,0.0209155653158811,0.04075644367108153,0.05965510467531867,0.081799922216495,0.08776989273312338,0.088,2016-07-01
0.01729647308478643,0.017839342894540318,0.02872998996573718,0.05252537818679994,0.08003087181405982,0.08611593657864122,0.08613738173941597,0.064,2015-07-01
0.004472514382612886,0.0022807732329998155,0.006242086379462483,0.004049019650204342,0.016196226107348777,0.022694065581230657,0.028988516060106655,0.021,2015-04-01
0.010502626196600157,0.016482451345012958,0.028849560734561408,0.03849246377671136,0.07492220352060378,0.05991294130958346,0.06640303375319255,0.067,2015-07-20
0.0053857449183821356,0.01032953560740808,0.012292092449626075,0.01892958629329517,0.024805793268025463,0.037983129192637965,0.048730637624473924,0.036,2018-11-12
0.012080374498222935,0.014115735109601492,0.019799166134436524,0.019467222325099568,0.045419306080208076,0.03982637096384206,0.047703303633725914,0.016,2008-05-12
0.046615579004151024,0.17450777160043587,0.21169293476400045,0.31921136452032045,0.26673258147658885,0.3067033000603278,0.3248938702745058,0.233,2012-05-20
0.007767535354001057,0.013836627098130123,0.021080793926591485,0.032214004570303406,0.05498403397214525,0.06817322754558229,0.10072218466167404,0.007,2015-10-01
0.010258983945300011,0.012451581898639416,0.038337013763134094,0.040863635004131905,0.05103865243092474,0.0912161547732459,0.1104499872496488,0.0333333333333333,2017-06-12
0.008023483115375991,0.010439660644800907,0.02090086763374876,0.03020258008984688,0.04789576708654208,0.06024192148157316,0.065771742779266,0.061,2014-05-10
0.04328935154160387,0.1849410250599187,0.1881271967110237,0.22575340209417813,0.25625799404418215,0.3121087493822798,0.2804432251726514,0.501,2013-06-11
0.029194692001188884,0.044745068513519934,0.06856103896173361,0.08936436885317897,0.1328525224364859,0.2282080374474875,0.22082058162914148,0.035,2008-06-02
0.0015169791433471012,0.001141509196986663,0.0013273698782140467,0.0015837286746666344,0.0010040279585808525,0.011704630769331,0.01922486197053653,0.0013,2006-04-17
0.0037942721019014144,0.0060557744118564264,0.016768757816065814,0.02413949586831191,0.04695132838491531,0.051220101172414594,0.06362680528804004,0.025,2014-01-23
0.009297933974610014,0.007908545650102785,0.009020295328212089,0.010725576059980648,0.042680967425892946,0.06580053724343336,0.06699111682974562,0.057,2011-04-01
0.005277349617552219,0.007384412761790317,0.011671654308835926,0.01732176450678486,0.024344537343605078,0.03420056384381505,0.042348087240519694,0.033,2017-08-01
0.006607466702053702,0.007724551319755777,0.009607736863108824,0.011071293383854902,0.017440645904498942,0.024884188868819147,0.0442874105171524,0.021,2020-02-20
0.005997038055971516,0.007014110010172007,0.006753543267034979,0.018792087591737353,0.04209002914292455,0.04653809486978307,0.0768107926281883,0.006,2009-09-21
0.012606889195557159,0.0175190970576443,0.022157516585995664,0.040098502192769364,0.06941789512430722,0.12311105381288015,0.11873656954794373,0.052,2012-06-21
0.023254141604312443,0.06023574745130531,0.1843882458463193,0.2883918059776824,0.23313948239894497,0.23623577984481162,0.2804230887121868,0.221,2011-04-01
0.0044432511704535944,0.007896356585050028,0.019531272459962376,0.03993781519830513,0.042095697532305576,0.06065428726166678,0.07798515608116195,0.01,2017-07-03
0.005852311680747591,0.007860399629837127,0.0106281809373124,0.018344293435934748,0.01833030030228871,0.02943815526791664,0.0403531147215665,0.034,2018-01-04
0.02526695367335584,0.037531619335411194,0.04647235330489851,0.06522543372105262,0.07836827460538806,0.08872707785275664,0.10291698596102965,0.096,2010-11-22
0.018427616411942002,0.019491983511526225,0.03290862948169786,0.042572743616879904,0.06709442276242857,0.141754009840907,0.11316101545244424,0.087,2016-12-12
0.00555539002196389,0.008588995796590103,0.01067056910006993,0.020994950782080305,0.026417811869804513,0.03170938333921667,0.041959098186881386,0.018,2020-05-11
0.006186161747769287,0.010842645212804206,0.0220670477596498,0.03463461948699614,0.048883679535158174,0.11459884866789354,0.09128086707045582,0.093,2008-12-01
0.011450738948924366,0.013811530512325006,0.02122843104994477,0.03654183674627349,0.03675132720613576,0.06714748353619908,0.08440699546089359,0.051,2016-08-22
0.03451924421512229,0.16521575786243756,0.2598436199328743,0.38979346335458415,0.5035161694176786,0.45783138085290104,0.5354385365405374,0.1087,2006-02-06
0.018278261337032375,0.0351457722762376,0.048167056267337714,0.04411925226400422,0.059783833972810306,0.08491464397336712,0.1874427624955078,0.094,2009-03-02
0.0319953084885785,0.05603279123465915,0.06622058532973811,0.08757333037539232,0.15809695264613524,0.15805988780076138,0.22255379135853257,0.132,2016-12-20
0.008004343650488945,0.01369220756480123,0.023175239836585943,0.031104568574460777,0.05322377058403344,0.058519517434782835,0.06460719902794113,0.071,2015-07-21
0.00410885671749163,0.005893852448950791,0.0,0.0,0.0,0.03353985509856507,0.08580959229733294,0.0045,2006-03-13
0.020466547047970237,0.020541444189103263,0.023575440752837715,0.049572125526083095,0.07448781373738672,0.08957053034931438,0.10309809214871044,0.024,2011-05-03
0.014080098301387968,0.02420941649788055,0.03532884224993123,0.05268932331550222,0.06050829871784886,0.07978930576760741,0.09592975089283298,0.0442,2008-10-06
0.01555875011479042,0.016440782615281382,0.021606058181005718,0.021893218725968288,0.03476478261125401,0.049872239848961164,0.05803959165398853,0.016,2018-06-22
0.014132245934893107,0.018637777208208577,0.024705816084732858,0.036550126658534854,0.05751595959420984,0.07658674551105749,0.08481826984552905,0.042,2017-11-21
0.017970820730004094,0.02961333961425316,0.05169717510414558,0.06996839538632185,0.0997474478121864,0.16127799837610166,0.19258664125671648,0.1666666666666666,2017-01-04
0.016578457181580436,0.012416533985197042,0.021826570586936857,0.03817708096407745,0.06249078318279276,0.06331311136194329,0.07985774570243417,0.0,2010-04-01
0.006319481433709492,0.007458467638591449,0.03147614239785329,0.046203969806715615,0.08628875771245086,0.15894620447684343,0.12307195288617157,0.031,2008-12-15
0.005260975787537896,0.0067754768968788254,0.009467487346678632,0.009225333146224288,0.009839938437508845,0.013853243327286251,0.024804261125381744,0.01,2019-04-11
0.014709800695647885,0.014918260148995088,0.0239106870008504,0.03942021555513904,0.04927099175211066,0.06161803604300995,0.07920402296727222,0.02,2017-09-21
0.015410805471829521,0.019758247946811077,0.031291976534643696,0.04688210779264756,0.05839386449653897,0.09057065150545186,0.0898243768596536,0.051,2013-09-10
0.0041028029693864635,0.00675832320364058,0.0059755803711405145,0.0076139997859643385,0.026441645911031965,0.04643390517489647,0.08030114520458771,0.0033333333333333,2017-02-10
0.030435810802234866,0.058716830460872865,0.06762218594207561,0.12196575223246474,0.18389908691523996,0.16832987423089815,0.21707110861864873,0.216,2012-09-01
0.04468041607396555,0.1415531356439669,0.2813919109834595,0.3811122367031168,0.5354561700229046,0.5962073248388264,0.6535470265059471,0.467,2012-11-20
0.01262615723092163,0.01664443391380941,0.017779245703510207,0.03133214190170533,0.07054197614365253,0.08301116831408137,0.11696197805360099,0.054,2012-11-01
0.008127243458979872,0.014547126735087842,0.013269173946532146,0.03441666150173853,0.057023378558731616,0.07405810774719092,0.0924935684368939,0.02,2009-02-02
0.013876084506407777,0.011917778609836147,0.01522087952511495,0.018792643139595333,0.02814008810946477,0.05148528984364625,0.07028392269691658,0.084,2011-01-21
0.008911554851284342,0.01645169436120961,0.022336003205984195,0.03378899054181813,0.047621276735621255,0.07571368195263058,0.07581281898168225,0.071,2017-08-01
0.010305542643232007,0.01813623244795006,0.03173735367295891,0.04495229731952104,0.06061374268311621,0.07227969019658563,0.0791473994802657,0.023,2016-09-10
0.005205141624504487,0.007489176490204661,0.01042915061498574,0.010546727117651793,0.014658104294154494,0.01920641672476205,0.03457138662109134,0.012,2018-07-02
0.005215636734478161,0.00817857652247264,0.011384845993396626,0.017960088835813834,0.02801742083780999,0.028319000401492544,0.04218673752901433,0.014,2020-02-11
0.004655657115927231,0.0049080724559899215,0.006017067172322246,0.007631778853626695,0.009667888293542986,0.015483134771033497,0.034504820056712376,0.013,2019-02-11
0.0,0.0,0.0013351986444731607,0.0013147694493685187,0.01492184719520846,0.08968146721942033,0.05480758960917176,0.002,2010-08-23
0.032968246551334346,0.08484902129916251,0.1537622058893482,0.19529447446654044,0.2105727949777091,0.22627514742491805,0.316198731876541,0.04697,2007-02-26
0.015906228319709018,0.020082116629674445,0.018754022774267572,0.014735025588144034,0.02935789608524132,0.06331850375810133,0.12842467902254553,0.069,2009-08-11
0.007451828408688353,0.010198609752647116,0.012685394943844122,0.011580106504338139,0.011999586342227921,0.041778935947194354,0.057320994191796926,0.01,2017-07-11
